The Ultimate Food Quiz,https://www.wizardingworld.com/quiz/the-ultimate-food-quiz,15,What did Aunt Petunia make Harry cook for Dudley’s birthday in Philosopher’s Stone?,Fried bread and sausages(False);Baked beans and sausages(False);Fried eggs and bacon(True);Bacon and sausages(False);,In the book&#44 what colour icing did Hagrid use on Harry’s birthday cake in Philosopher’s Stone?,Yellow(False);Purple(False);Green(True);Blue(False);,What kind of sandwiches did Mrs Weasley give Ron for his first ever Hogwarts Express journey?,Corned beef(True);Turkey(False);Bacon(False);Egg Mayo(False);,What was Harry’s favourite dessert at Hogwarts?,Treacle tart(True);Rock cakes(False);Chocolate fudge cake(False);Raspberry trifle(False);,What were the peas at Hogwarts served in?,Bowls(False);Goblets(False);Gravy(False);Tureens(True);,What type of magical being worked in the Hogwarts kitchens?,Goblin(False);House-elf(True);Cornish Pixie(False);Banshee(False);,The door to the Hogwarts kitchens was hidden behind a painting of what?,A lone pear(False);Sir Cadogan(False);The Fat Friar(False);A bowl of fruit(True);,Why didn’t food appear when occupants of the Room of Requirement were hungry?,Food is infinitely variable and is therefore subject to Tracey’s law of unquantifiable goods(False);Food is perishable so the Room of Requirement can’t preserve it(False);Someone wishing for poisoned food is too much of a risk(False);Food is an exception to Gamp’s Law of Elemental Transfiguration(True);,What flavour ice lolly were the Dursleys forced to buy Harry at London Zoo?,Orange(False);Lemon(True);Chocolate(False);Strawberry(False);,What flavour Bertie Bott’s Every-Flavour Bean does Dumbledore eat at the end of Philosopher’s Stone?,Vomit(False);Sardine(False);Bogey(False);Earwax(True);,In Goblet of Fire&#44 how many birthday cakes did Harry receive to help him survive the diet regime in the Dursley household?,Five(False);Three(False);Four(True);Two(False);,In Order of the Phoenix who ate an Easter egg with Harry in the Hogwarts library?,Fred(False);Ron(False);Ginny(True);Hermione(False);,What kind of food did Hermione fill with a Sleeping Draught in Chamber of Secrets?,Two Pumpkin Pasties(False);Two chocolate cakes(True);Two Cauldron Cakes(False);Two Chocolate Frogs(False);,What was special about the Christmas puddings at Hogwarts?,They were flaming(True);They were enormous(False);They floated in mid-air(False);They contained a wizard chess piece(False);,What was peculiar about the fish at Nearly Headless Nick’s Deathday Party?,They were still alive(False);They were rotten(True);They were in a tank(False);They were ghost fish(False);,
The Arthur and Molly Weasley Quiz,https://www.wizardingworld.com/quiz/arthur-molly-weasley-quiz,10,Where did Molly and Arthur meet?,Ottery St Catchpole(False);Quidditch World Cup(False);Hogwarts(True);Hogsmeade(False);,At what hour of the morning did Molly and Arthur once return from a night-time stroll?,Three in the morning(False);Four in the morning(True);Two in the morning(False);Six in the morning(False);,Who did Molly get a telling-off from back at Gryffindor Tower after a night-time stroll with Arthur?,The Fat Lady(True);Albus Dumbledore(False);Sir Cadogan(False);Nearly Headless Nick(False);,Why did Molly say it was fine for her and Arthur to elope?,Their families were wrong about them(False);They had enough money to live on(False);They had already taken their N.E.W.T.s(False);They were made for each other(True);,How many children did Arthur and Molly have together?,Six(False);Five(False);Eight(False);Seven(True);,Why was Arthur in trouble the first time Harry visited the Burrow in Chamber of Secrets?,He’d enchanted a rusty old car to make it fly(True);He’d been spotted riding an escalator on the London Underground(False);He’d punched Lucius Malfoy(False);He was late home from work(False);,What was Arthur’s affectionate nickname for Molly?,Prew(False);Freckles(False);Redcap(False);Mollywobbles(True);,What song by Celestina Warbeck did Molly and Arthur dance to when they were eighteen?,A Vial Full of Hot&#44 Strong Love Potion(False);A Cauldron Full of Hot&#44 Strong Love(True);A Glass Full of Hot&#44 Strong Firewhisky(False);A Mug Full of Hot&#44 Strong Tea(False);,After Arthur was attacked by Nagini&#44 why did Molly get angry with him at the hospital?,He’d tried Muggle stitches(True);He’d told Harry about the prophecy(False);He’d taken some Muggle painkillers(False);He’d got out of bed(False);,What did Molly know was Arthur’s dearest ambition?,To understand how plugs work(False);To hail a black cab(False);To find out how aeroplanes stay up(True);To become Minister for Magic(False);,
The Magic Gone Wrong Quiz,https://www.wizardingworld.com/quiz/magic-gone-wrong-quiz,10,What animal did Ron Weasley vomit up after a spell meant for Malfoy backfired on him?,Cockroaches(False);Slugs(True);Worms(False);Snails(False);,What plant did Neville accidently transplant his ears onto?,Devil's Snare(False);Mandrake(False);Mimbulus mimbletonia(False);Cactus(True);,Which spell did Gilderoy Lockhart use to try to repair Harry’s broken arm?,Vulnera Sanetur(False);Episkey(False);Reparo(False);Brackium Emendo(True);,At what age did Ariana Dumbledore cause a magical explosion that killed her mother?,17(False);12(False);15(False);14(True);,Which body part did Susan Bones leave behind in her first Apparition lesson?,Her nose(False);Her foot(False);Her arm(False);Her leg(True);,Which spell backfired on Lord Voldemort when he tried to use it on baby Harry Potter?,Expelliarmus(False);Imperio(False);Avada Kedavra(True);Crucio(False);,Who accidentally vanished one of the legs of their desk?,Ron Weasley(False);Neville Longbottom(True);Seamus Finnigan(False);Lavender Brown(False);,Which professor was hit on the head by Ron’s broken wand?,Professor McGonagall(False);Professor Dumbledore(False);Professor Snape(False);Professor Flitwick(True);,Which potion-gone-wrong resulted in Hermione becoming a cat?,Pepperup Potion(False);Confusing Concoction(False);Felix Felicis(False);Polyjuice Potion(True);,Why did Ron fail his apparition test in Half-Blood Prince?,He left an elbow behind(False);He splinched away his upper arm(False);He left half of an eyebrow behind(True);He accidentally apparated out Hogwarts(False);,
The Gilderoy Lockhart Quiz,https://www.wizardingworld.com/quiz/the-gilderoy-lockhart-quiz,15,What is the Lockhart book Molly Weasley used for dealing with garden gnomes?,Gilderoy Lockhart’s Guide to Household Pests(True);Gilderoy Lockhart’s Guide to Pesky Pets(False);Gilderoy Lockhart’s Guide to Gnome Nuisance(False);Gilderoy Lockhart’s Guide to Gardening(False);,How many times did Gilderoy Lockhart win Witch Weekly’s Most-Charming-Smile Award?,Six(False);Three(False);Four(False);Five(True);,What was the name of Lockhart’s autobiography?,Marvellous Me(False);Me? I’m Magical(False);My Magical Autobiography(False);Magical Me(True);,What house was Lockhart in?,Slytherin(False);Hufflepuff(False);Ravenclaw(True);Gryffindor(False);,What were Lockhart’s secret ambitions?,Rid the world of evil&#44 and market his own range of hair-care potions(True);Achieve harmony between magic and non-magic peoples and design a clothing range(False);To become Hogwarts Headmaster and get his portrait on the wall(False);Ensure the eradication of all Dark Magic&#44 and release his own aftershave(False);,Which of these was NOT a Lockhart book required by second-year students?,Holidays with Hags(False);Break with a Banshee(False);Travels with Trolls(False);Visits with Vampires(True);,How many people sent Lockhart a card for Valentine’s Day in Chamber of Secrets?,46(True);12(False);61(False);84(False);,What spell did Lockhart attempt to cast with Ron’s wand&#44 resulting in it rebounding upon him?,Protego(False);Obliviate(True);Expelliarmus(False);Stupefy(False);,What was Lockhart’s favourite colour?,Pink(False);Blue(False);Lilac(True);Mauve(False);,What creatures did Lockhart bring to Harry’s first lesson?,Sprites(False);Cornish pixies(True);Leprechauns(False);Garden gnomes(False);,Whose address did Harry accidentally blot when responding to Lockhart’s fan mail in Chamber in Secrets?,Madhari Patel(False);Gladys Gudgeon(False);Veronica Smethley(True);Sally-Anne Perks(False);,What organisation was Lockhart an honorary member of?,The Dark Force Defence League(True);The Order of Merlin(False);The Wizengamot(False);The International Confederation of Wizards(False);,What was the composition of Lockhart’s wand?,Vine and dragon heartstring(False);Cherry and dragon heartstring(True);Ash and unicorn hair(False);Holly and unicorn hair(False);,What was the name of the St Mungo’s Ward that became Lockhart’s permanent home after his Memory Charm backfired?,The Urquhart Rackharrow Ward(False);The Dai Llewellyn Ward(False);The Dilys Derwent Ward(False);The Janus Thickey Ward(True);,What time was Gilderoy Lockhart signing copies of his autobiography Magical Me at Flourish and Blotts?,12:30 - 4:30pm(True);1:00 - 5:00pm(False);2:00 - 6:00pm(False);12:00 - 2:00pm(False);,
The First Year Magic Quiz,https://www.wizardingworld.com/quiz/first-year-magic-quiz,10,In which Hogwarts lesson did Professor McGonagall turn a desk into a pig&#44 and back again?,Potions(False);Transfiguration(True);History of Magic(False);Charms(False);,In which Hogwarts lesson did Harry and his friends learn how to make objects fly?,Herbology(False);Charms(True);Defence Against the Dark Arts(False);Transfiguration(False);,What was the spell for making objects fly? Clue: Hermione used it perfectly!,Grow wings!(True);Wingardium Leviosa(True);Elevarte(True);Flyaway Fly(True);,What does the spell&#44 Alohamora do?,It makes objects vanish(False);It causes an explosion(False);It unlocks things(True);It makes objects fly(False);,In which class would Hermione have learned about the deadly plant&#44 Devil’s Snare?,History of Magic(False);Herbology(True);Transfiguration(False);Charms(False);,In which class&#44 taught by Professor Quirrell&#44 did Harry&#44 Ron and Hermione learn about werewolf bites?,Potions(False);Defence Against the Dark Arts(True);Charms(False);Transfiguration(False);,What were the first-years taught to say to their broomsticks to make them jump into their hands?,BROOM!(False);HERE!(False);UP!(True);JUMP!(False);,In which class did the first-years mix ingredients together in a cauldron?,Herbology(False);Charms(False);Potions(True);Defence Against the Dark Arts(False);,Outside of class&#44 who taught Harry the magical game&#44 wizard chess?,Hermione Granger(False);Ron Weasley(True);Draco Malfoy(False);Rubeus Hagrid(False);,What spell did Hermione use on Neville in the Gryffindor common room&#44 which is also known as a full Body-Bind Curse?,Expelliarmus!(False);Halt!(False);Petrificus Totalus!(True);Lumos!(False);,
The First Year Harry Potter Quiz,https://www.wizardingworld.com/quiz/first-year-harry-potter-quiz,10,What does the scar on Harry’s head look like?,The moon(False);An owl(False);A lightning bolt(True);A broomstick(False);,Who tells Harry he’s a wizard?,Hagrid(True);Hermione(False);Uncle Vernon(False);Dumbledore(False);,What is the name of Harry’s snowy owl?,Henry(False);Helen(False);Hermione(False);Hedwig(True);,Which platform at King’s Cross station does the Hogwarts Express leave from?,Nine and three-quarters(True);Seven and a half(False);Nine(False);Ten(False);,Who does Harry sit with on the Hogwarts Express?,Neville(False);Ron(True);Nobody(False);Hermione(False);,Which house is Harry Potter sorted into by the Sorting Hat?,Slytherin(False);Gryffindor(True);Hufflepuff(False);Ravenclaw(False);,Which teacher doesn’t seem to like Harry at all?,Professor McGonagall(False);Professor Flitwick(False);Professor Sprout(False);Professor Snape(True);,Which Quidditch position does Harry play on his house team?,Seeker(True);Beater(False);Keeper(False);Chaser(False);,Which scary creature gets into Hogwarts at Halloween?,A vampire(False);A mountain troll(True);A werewolf(False);A giant spider(False);,How many heads does Fluffy have?,One(False);Five(False);Twelve(False);Three(True);,
The First Year Hogwarts Houses Quiz ,https://www.wizardingworld.com/quiz/the-first-year-hogwarts-houses-quiz,10,Which Hogwarts house has the mascot of a lion?,Slytherin(False);Hufflepuff(False);Ravenclaw(False);Gryffindor(True);,Which Hogwarts house has a badger for its mascot?,Slytherin(False);Gryffindor(False);Hufflepuff(True);Ravenclaw(False);,Which Hogwarts house has blue as one of its colours,Ravenclaw(True);Gryffindor(False);Hufflepuff(False);Slytherin(False);,Which Hogwarts house has green as one of its colours?,Gryffindor(False);Hufflepuff(False);Ravenclaw(False);Slytherin(True);,Who is head of Gryffindor house?,Professor Flitwick(False);Professor Sprout(False);Professor Dumbledore(False);Professor McGonagall(True);,Who is the head of Ravenclaw house?,Professor Sprout(False);Professor Flitwick(True);Professor Snape(False);Professor Quirrell(False);,Which Hogwarts house has its common room in the dungeons?,Hufflepuff(False);Slytherin(True);Ravenclaw(False);Gryffindor(False);,What is the name of the Gryffindor house ghost?,Nearly Headless Nick(True);The Bloody Baron(False);The Grey Lady(False);The Fat Friar(False);,What is the name of the Hufflepuff house ghost?,The Grey Lady(False);The Fat Friar(True);Moaning Myrtle(False);The Bloody Baron(False);,Which Hogwarts house did Harry ask the Sorting Hat NOT to be sorted into?,Slytherin(True);Hufflepuff(False);Ravenclaw(False);Gryffindor(False);,
The First Year Quidditch Quiz,https://www.wizardingworld.com/quiz/first-year-quidditch-quiz,10,Who teaches Quidditch at Hogwarts?,Professor McGonagall(False);Professor Snape(False);Madam Hooch(True);Hagrid(False);,Who falls off his broom in Harry’s first ever Quidditch lesson?,Draco Malfoy(False);Dean Thomas(False);Ron Weasley(False);Neville Longbottom(True);,Who is the captain of the Gryffindor Quidditch team and first teaches Harry about the game?,Katie Bell(False);Fred Weasley(False);Oliver Wood(True);Angelina Johnson(False);,Why is it a surprise to everyone at Hogwarts that Harry is chosen to play on the Gryffindor Quidditch team?,He grew up with Muggles(False);He hates flying(False);He can’t ride a broom(False);First years aren’t usually allowed(True);,What type of broomstick does Harry receive in Philosopher’s/Sorcerer's Stone?,Cleansweep Seven(False);Comet Two Sixty(False);Nimbus Two Thousand(True);Shooting Star(False);,Which Quidditch position is Harry chosen to play on the Gryffindor house team?,Beater(False);Keeper(False);Seeker(True);Chaser(False);,Fred Weasley is one of the Beaters on the Gryffindor house team&#44 who is the other one?,Ron Weasley(False);Alicia Spinnet(False);George Weasley(True);Gregory Goyle(False);,How do you score a goal in Quidditch?,Throw Quaffle through a hoop(True);Throw Bludger through a hoop(False);Throw Snitch through a hoop(False);Catch the Snitch(False);,Which player’s job is it to catch the Snitch?,Seeker(True);Bludger(False);Keeper(False);Chaser(False);,When Gryffindor play Slytherin in the first Harry Potter book&#44 who wins?,It's a draw(False);Slytherin(False);Nobody&#44 the match is called off(False);Gryffindor(True);,
The First Year Hogwarts Professor Quiz,https://www.wizardingworld.com/quiz/the-first-year-hogwarts-professors-quiz,10,Which Hogwarts professor can transform into a cat?,Professor McGonagall(True);Professor Sprout(False);Professor Binns(False);Professor Flitwick(False);,Who is headmaster when Harry arrives at Hogwarts?,Professor Flitwick(False);Professor Dumbledore(True);Rubeus Hagrid(False);Professor McGonagall(False);,Who at Hogwarts is a ghost and also teaches History of Magic?,Professor Binns(True);Professor Flitwick(False);The Fat Friar(False);Nearly Headless Nick(False);,Which Hogwarts professor teaches Potions in Philosopher’s/Sorcerer's Stone?,Professor Snape(True);Professor Sprout(False);Professor McGonagall(False);Professor Quirrell(False);,Who teaches Harry and his classmates Charms at Hogwarts?,Professor Flitwick(True);Madam Hooch(False);Madam Pomfrey(False);Professor Dumbledore(False);,Who is the Defence Against the Dark Arts teacher in Harry’s first year?,Madam Pince(False);Rubeus Hagrid(False);Professor Quirrell(True);Professor McGonagall(False);,Who teaches Transfiguration at Hogwarts?,Madam Pomfrey(False);Professor Dumbledore(False);Professor McGonagall(True);Madam Pince(False);,Who gives Harry&#44 Hermione&#44 Neville and Draco detention in Philosopher’s/Sorcerer's Stone?,Professor Dumbledore(False);Professor Snape(False);Professor McGonagall(True);Professor Flitwick(False);,Who spends a lot of time in the Hogwarts greenhouses and teaches Herbology?,Madam Pomfrey(False);Madam Hooch(False);Rubeus Hagrid(False);Professor Sprout(True);,Which of the following characters is not a teacher&#44 but works as the Hogwarts librarian?,Madam Hooch(False);Madam Pomfrey(False);Rubeus Hagrid(False);Madam Pince(True);,
The First Year Hogwarts Quiz,https://www.wizardingworld.com/quiz/first-year-hogwarts-quiz,10,How do young witches and wizards find out they’re going to Hogwarts?,By text message(False);By email(False);By letter(True);By taking an exam(False);,How do students usually get to Hogwarts on 1st September?,By magic car(False);By train(True);By school bus(False);By broomstick(False);,Students are sorted into houses at Hogwarts. But how many are there?,Seven(False);Four(True);Three(False);Ten(False);,Where does the Sorting Ceremony happen at Hogwarts?,The dungeons(False);The house common rooms(False);Dumbledore's office(False);The Great Hall(True);,Which of these is NOT a school subject taught at Hogwarts?,Transfiguration(False);Potions(False);Mathematics(True);Charms(False);,What is special about the staircases at Hogwarts?,Up is down(False);They move(True);They're gold(False);Down is up(False);,What is the name of the forest in the grounds of Hogwarts?,The Forbidden Forest(True);The Frightening Forest(False);The Fearful Forest(False);The Fantastic Forest(False);,Whose portrait guards the entrance to Gryffindor common room?,The Fat Lady(True);The Thin Man(False);The Curious Queen(False);The Merry King(False);,What do you need to remember to get into Gryffindor common room?,The correct spell(False);The Gryffindor song(False);The password(True);The name of another Gryffindor student(False);,At the end of the school year&#44 what does the house with the most points win?,The house shield(False);A year's supply of Chocolate Frogs(False);Broomsticks for their Quidditch team(False);The house cup(True);,
The Beedle the Bard Quiz,https://www.wizardingworld.com/quiz/beedle-the-bard-quiz,15,In ‘The Wizard and the Hopping Pot’ tale what did the unpleasant son first find inside the old cooking pot?,A wand(False);A potion recipe(False);A bar of gold(False);A slipper(True);,How many people came to visit the unpleasant son before the villagers stopped seeking his help?,Three(True);Ten(False);Five(False);Twenty(False);,Why did the son eventually give in to the hopping pot and help the villagers?,He wanted the pot to stop hopping and be silent(True);He had a change of heart(False);His father admonished him in a dream(False);His own cousin became sick(False);,Where was the Fountain of Fair Fortune located?,An island in the middle of a lake(False);An enchanted garden(True);A treacherous forest(False);The village of Hogsmeade(False);,How often was a single unfortunate given the chance to fight their way to the Fountain?,Once a year(True);Once every century(False);Once a decade(False);Once every fifty years(False);,Which of the following was NOT one of the characters in ‘The Fountain of Fair Fortune’ tale?,Asha(False);Ava(True);Amata(False);Altheda(False);,A knight accidentally joined the three witches on their quest for Fair Fortune. What name was he known by?,Sir Faintheart(False);Sir Luckless(True);Sir Forlorn(False);Sir Gallant(False);,Why did the Warlock lock away his heart?,He was keeping it safe for the one he loved(False);It was broken and he had no need of it(False);He was afraid it would be stolen(False);He did not want to love(True);,Why did the Warlock decide to take a wife?,He overheard his servants talking negatively about him(True);He wanted an heir to inherit his kingdom(False);His parents had died and could no longer disapprove(False);He wanted a wife to look after him in his old age(False);,Where had the Warlock locked his hairy heart?,In a treasure chest at the centre of a maze(False);In an enchanted gilded cage(False);In an enchanted crystal casket(True);In a heart-shaped box(False);,In ‘Babbitty Rabbitty and her Cackling Stump’ what was Babbitty’s job at the palace?,Nanny(False);Maid(False);Washerwoman(True);Healer(False);,Babbitty agreed to perform magic so the foolish King looked powerful. But which spell was impossible to carry out?,A spell to make the King kind(False);A spell to ensure the King ruled forever(False);A spell to raise the dead(True);A spell to cure a child of boils(False);,In ‘The Tale of the Three Brothers’ what did the oldest brother ask Death for?,The power to recall others from Death(False);A cloak of gold(False);Mercy&#44(False);A wand more powerful than any other(True);,Who did the second brother bring back from the dead?,A girl he had once hoped to marry(True);His wife who died an early death(False);His infant son(False);His rich grandfather so we could increase his inheritance(False);,Did Death ever meet the third brother?,It is yet to be seen(False);No&#44 Death will never find him(False);Yes&#44 immediately(False);Yes&#44 after many years(True);,
The Sneaky Niffler Quiz,https://www.wizardingworld.com/quiz/sneaky-niffler-quiz,10,Who first introduced Harry&#44 Ron and Hermione to Nifflers?,Sirius Black(False);Wilhelmina Grubbly-Plank(False);Rubeus Hagrid(True);Pomona Sprout(False);,After a Care of Magical Creatures lesson&#44 who wanted a Niffler as a pet?,Harry Potter(False);Ginny Weasley(False);Lavender Brown(False);Ron Weasley(True);,Who put Nifflers in Umbridge’s office in Order of the Phoenix?,Lee Jordan(True);George Weasley(False);Fred Weasley(False);Peeves(False);,In Fantastic Beasts and Where to Find Them&#44 where did the Niffler first hide from Newt?,In Central Park(False);On Broadway(False);Under Tina’s bed(False);Behind a photograph of Jacob’s grandmother(True);,In Fantastic Beasts and Where to Find Them&#44 where did the Niffler break into&#44 other than a bank?,MACUSA headquarters(False);A jewellery store(True);The subway(False);A hat store(False);,In a Care of Magical Creatures lesson at Hogwarts&#44 what did the Nifflers have to do?,Dig for silver coins(False);Steal from the students(False);Dig for gold coins(True);Tunnel under Hagrid’s hut(False);,What object did a Niffler attempt to bite off of Pansy Parkinson’s wrist?,Her golden hair tie(False);Her watch(True);Her Slytherin bracelet(False);A friendship bracelet(False);,What happened to the gold coins the Nifflers dug up in Goblet of Fire?,Hagrid took them back(False);The winning Niffler kept them(False);They vanished(True);They melted(False);,How many baby Nifflers were there in Fantastic Beasts: The Crimes of Grindelwald?,One(False);Four(True);Six(False);Three(False);,In Fantastic Beasts: The Crimes of Grindelwald who helped Newt get the baby Nifflers back into their enclosure?,The adult Niffler(False);Tina Goldstein(False);Jacob Kowalski(False);His assistant - Bunty(True);,
The Animagus Quiz,https://www.wizardingworld.com/quiz/web-the-animagus-quiz,10,In which Harry Potter book do we first see an Animagus?,Deathly Hallows(False);Philosopher’s Stone(True);Prisoner of Azkaban(False);Chamber of Secrets(False);,In which year did Harry&#44 Ron and Hermione first learn about Animagi?,Fourth year(False);Second year(False);First year(False);Third year(True);,In which Hogwarts lesson did Harry&#44 Ron and Hermione study Animagi?,Defence Against the Dark Arts(False);Care of Magical Creatures(False);Transfiguration(True);Charms(False);,Which of the following characters was not an unregistered Animagus?,Peter Pettigrew(False);James Potter(False);Rita Skeeter(False);Minerva McGonagall(True);,What was James Potter’s Animagus form?,Doe(False);Thestral(False);Wolf(False);Stag(True);,What nickname did Sirius Black’s Animagus form earn him?,Dogbreath(False);Padfoot(True);Grim(False);Prongs(False);,How long did Peter Pettigrew live in his Animagus form as Scabbers the rat before he was discovered?,12 years(True);13 years(False);2 years(False);7 years(False);,Sirius identified Scabbers as Peter Pettigrew from a photograph. How?,He only had one set of whiskers(False);He was dark brown(False);He had no teeth(False);He had a missing toe(True);,What was Rita Skeeter’s Animagus form?,Bowtruckle(False);Beetle(True);Sparrow(False);Fruit fly(False);,Do Animagi need wands to transform?,Only when they’re amongst Muggles(False);Only when there’s a full moon(False);No(True);Yes(False);,
The Mischievously Tricky Quiz,https://www.wizardingworld.com/quiz/web-mischievously-tricky-quiz,10,What is the difference between monkshood and wolfsbane?,They are different colours(False);There is no difference(True);One grows in winter(False);One is poisonous(False);,How many O.W.L.s does Hermione have?,10(True);11(False);9(False);12(False);,Whose wand conjured the Dark Mark during the Quidditch World Cup?,Voldemort(False);Harry Potter(True);Barty Crouch Jr.(False);Mad-Eye Mood(False);,What does the spell Peskipiksi Pesternomi do?,Repels pixies(False);Nothing(True);Freezes pixies(False);Cages pixies(False);,How many Horcruxes did Voldemort (intentionally) make?,8(False);7(False);6(True);5(False);,Who taught Harry and his class the Unforgivable Curses?,Severus Snape(False);Amycus Carrow(False);Barty Crouch Jr.(True);Mad-Eye Moody(False);,Who was the rightful owner of the Elder Wand before Harry?,Hermione Granger(False);Severus Snape(False);Draco Malfoy(True);Albus Dumbledore(False);,How much Felix Felicis does Ron take at the end of Half-Blood Prince?,A little(True);A whole bottle(False);Half a bottle(False);None(False);,Which of these characters was not first mentioned by name in Philosopher’s Stone?,Dedalus Diggle(False);Lucius Malfoy(True);Arabella Figg(False);Sirius Black(False);,How many brothers does Ron have?,6(False);5(True);4(False);7(False);,
Complete the quote quiz: Ron edition,https://www.wizardingworld.com/quiz/complete-quote-ron-weasley,10,Complete the film quote: “Why spiders? Why couldn’t it be follow the ______?”,puppies(False);stars(False);butterflies(True);rainbow(False);,Complete the quote:  “Sunshine&#44 daisies&#44 butter mellow&#44 Turn this stupid&#44 fat rat _____”?,jello(False);hollow(False);yellow(True);blue(False);,Finish the line that Ron wrote to Harry: “Don’t let the Muggles _____!” in a letter.,call you a clown(False);mess you around(False);get you down(True);see you frown(False);,Fill in the blank: “If you want to kill Harry&#44 you’ll have to kill ____ too!”,me(False);him(False);us(True);them(False);,Complete the quote: “One person can’t feel all that at once&#44 they’d ______.”,explode(True);collapse(False);burst into flame(False);disapparate(False);,Complete the quote: “Can you believe our luck?” … “Of all the ____ we could’ve hit&#44 we had to get one that hits back.”,trees(True);cars(False);plants(False);buildings(False);,Fill in the blank: “All she wants to do is snog me. My ______________ “,lips are falling off(False);mouth is getting dry(False);lips are getting chapped(True);reputation is being ruined(False);,Complete the quote: “You’ll pay for that Malfoy! Eat ____!”,snails(False);slugs(True);worms(False);maggots(False);,Complete Ron’s prediction of Hermione’s Boggart: “A piece of homework that only got _____ out of ten?”,One(False);Seven(False);Nine(True);Nine and a half(False);,Fill in the blank: “Hello&#44 ____&#44 tell us&#44 have you been setting anything mad and hairy loose in the castle lately?”,Malfoy(False);Tom Riddle(False);Neville(False);Hagrid(True);,
The Wizarding Conundrum Quiz,https://www.wizardingworld.com/quiz/web-quiz-wizarding-conundrums,8,Turning flames shades of green&#44 speak clear or you may never be seen. What am I?,Floo powder(True);Goblet of Fire(False);Incendio(False);Avada Kedavra(False);,Drink my blood to curse your life. What am I?,Unicorn(True);Phoenix(False);Centaur(False);Basilisk(False);,If you were in the Prefects’ bathroom and needed to get to the Room of Requirement&#44 how would you get there?,Go up three floors(False);Go up two floors(True);Go down five floors(False);Go down one floor(False);,If Luna had said Nargles infested four of the Christmas trees in the Great Hall&#44 how many would have been Nargle free?,10(False);8(True);16(False);13(False);,Open at the close is not me&#44 stroke my spine if you want to see. What am I?,The Monster Book of Monsters(True);The Invisibility Cloak(False);A Thestral(False);The Resurrection Stone(False);,What did Hagrid get in his Care of Magical Creatures O.W.L?,He was sent out for cheating(False);Dreadful(False);Exceeds Expectations(False);He didn’t take it(True);,Magic should be in my veins&#44 but no wand would choose my name. What am I?,Ghost(False);Squib(True);Muggle-born(False);Half-blood(False);,How many Knuts are there in 5 Galleons?,1415(False);85(False);2465(True);493(False);,
The Which Witch Quiz,https://www.wizardingworld.com/quiz/which-witch-quiz,10,Which witch said: “I assert our inalienable right to party”?,Millicent Bagnold(True);Nymphadora Tonks(False);Celestina Warbeck(False);Seraphina Picquery(False);,In the book&#44 Prisoner of Azkaban&#44 which witch kept letting herself get ‘caught’ during the Witch Trials?,Miranda Goshawk(False);Wendelin the Weird(True);Bridget Wenlock(False);Ottaline Gambon(False);,Which witch (who was Minister for Magic) was good friends with Queen Victoria?,Evangeline Orpington(True);Priscilla Dupont(False);Hermione Granger(False);Josephina Flint(False);,Which of these witches was a Ravenclaw student during Harry’s time at Hogwarts?,Susan Bones(False);Daphne Greengrass(False);Hannah Abbott(False);Marietta Edgecombe(True);,Which witch was a captain of the Holyhead Harpies?,Minerva McGonagall(False);Ginny Weasley(False);Gertie Keddle(False);Gwenog Jones(True);,Which witch invented Floo Powder?,Fleamont Potter(False);Ignatia Wildsmith(True);Mary Jauncey(False);Eupraxia Mole(False);,Which witch was Sirius Black’s mother?,Bellatrix Black(False);Callidora Black(False);Isla Black(False);Warburga Black(True);,Which witch became Hogwarts headmistress in Harry Potter and the Order of the Phoenix?,Minerva McGonagall(False);Irma Pince(False);Pomona Sprout(False);Dolores Umbridge(True);,Which witch was a Metamorphmagus?,Queenie Goldstein(False);Madam Maxime(False);Rowena Ravenclaw(False);Nymphadora Tonks(True);,Which witch wrote 'A History of Magic'?,Bathilda Bagshot(True);Miranda Goshawk(False);Cassandra Vablatsky(False);Rita Skeeter(False);,Fashion in the Wizarding World Quiz,https://www.wizardingworld.com/quiz/fashion-in-wizarding-world-quiz,15,What colour cloak was Dumbledore wearing when we first meet him in Philosopher’s Stone?,Black(False);Blue(False);Green(False);Purple(True);,What type of hat is Cornelius Fudge known for wearing?,Snapback(False);Top hat(False);Bowler(True);Fedora(False);,What type of bag does Rita Skeeter have in the Goblet of Fire?,Crocodile skin(True);Hippogriff feathers(False);Dragon skin(False);Snake skin(False);,What colour is Severus Snape best known for wearing?,Brown(False);Blue(False);Green(False);Black(True);,What is Hagrid’s overcoat made of?,Lion skin(False);Moleskin(True);Unicorn skin(False);Rabbit skin(False);,When Neville’s Boggart turns into Snape&#44 what does Neville make the Boggart hold&#44 inspired by his Grandmother’s clothing?,An auburn clutch bag(False);A crimson handbag(True);A black umbrella(False);A lime green purse(False);,What does Bill have dangling off his ear when Harry first meets him?,A fang(True);A skull(False);An eagle(False);A lion(False);,In Goblet of Fire&#44 which of these is not part of Mr Weasley’s Muggle outfit?,A thick leather belt(False);A golfing jumper(False);An old pair of jeans(False);A red hat(True);,What colour tartan are Professor McGonagall’s robes?,Pink(False);Green(False);Red(True);Blue(False);,What hair style did young Rita Skeeter have?,Short blonde hair(True);A ginger mullet(False);Long brown curls(False);A black bob(False);,What colour is Tonk’s t-shirt which bares the legend The Weird Sisters?,Bright purple(True);White(False);Navy blue(False);Dark blue(False);,In the Deathly Hallows film&#44 what is Neville wearing when he kills Nagini?,A turtleneck(False);A knitted sweater(True);A black hoodie(False);A leather jacket(False);,In the film&#44 what colour is Harry's jumper when he gets the Philosopher's Stone?,Red(True);Blue(False);Yellow(False);Pink(False);,In the film Half-Blood Prince&#44 what type of earrings does Luna wear to Slughorn’s Christmas party?,Radish earrings(False);Star earrings(True);Lion earrings(False);Diamond earrings(False);,What material is the Beauxbatons uniform made from?,Satin(False);Fine silk(True);Velvet(False);Denim(False);,
The Patronus Quiz,https://www.wizardingworld.com/quiz/the-patronus-quiz,10,What form does Harry’s Patronus take?,Doe(False);Lion(False);Stag(True);Unicorn(False);,When Harry saw his stag Patronus for the first time&#44 it was described as looking like…,A bull(False);A horse(True);A lion(False);A cow(False);,In order to cast a Patronus&#44 a wizard must concentrate on their happiest...,Emotion(False);Dream(False);Desire(False);Memory(True);,When was the first time that Harry Potter produced a corporeal Patronus?,While fighting off Dementors in the Forbidden Forest(False);While fighting off ‘Dementors’ during the Quidditch match with Ravenclaw(True);While fending off a Boggart during the Triwizard Tournament(False);While being taught how to cast a Patronus by Professor Lupin(False);,Which of these magical creatures was Albus Dumbledore’s Patronus?,Hippogriff(False);Dragon(False);Thestral(False);Phoenix(True);,Who was the first character we saw casting a Patronus in a Harry Potter book?,Professor McGonagall(False);Professor Lupin(True);Professor Dumbledore(False);Professor Snape(False);,In Latin&#44 what does ‘Expecto Patronum’ roughly mean?,‘I await a patron’(True);‘I wish for a guard’(False);‘I call for a sentinel’(False);‘I summon an animal’(False);,A rare Patronus means that the Patronus itself is more powerful – true or false?,False(True);True(False);,Which of these animals was the Patronus of Hermione Granger?,Otter(True);Badger(False);Weasel(False);Raccoon(False);,While learning how to cast a Patronus&#44 Harry was told by Lupin to concentrate on a happy memory. What was the first one he chose?,The moment he first rode a broomstick(True);Making friends with Ron and Hermione(False);Seeing Hogwarts for the first time(False);Finding out he was a wizard for the first time(False);,
The Death Eaters Quiz,https://www.wizardingworld.com/quiz/the-death-eaters-quiz,15,Where did Harry first see Death Eaters in the flesh?,Malfoy Manor(False);Godric’s Hollow(False);Little Hangleton graveyard(False);The Quidditch World Cup(True);,Where on the body is the Dark Mark burned into a Death Eater’s skin?,Left forearm(True);Right forearm(False);Right upper arm(False);Left upper arm(False);,What spell do Death Eaters use to conjure up the Dark Mark in the sky?,Avada Kedevra(False);Morsmordre(True);Stupefy(False);Piertotum Locomotur(False);,Which of these Death Eaters were not present in the Little Hangleton graveyard in Harry Potter and the Goblet of Fire?,Lucius Malfoy(False);Severus Snape(True);Peter Pettigrew(False);Walden Macnair(False);,How many Death Eaters broke out of Azkaban in Harry Potter and the Order of the Phoenix?,20(False);10(True);15(False);18(False);,How did the Death Eaters kill Broderick Bode while he was recovering in St Mungo’s?,Gillyweed(False);Venomous Tentacula(False);Devil’s Snare(True);Mandrake(False);,What did Bellatrix Lestrange say the Dark Lord called her?,His most loyal(True);His most precious(False);His most loved(False);His most trusted(False);,What colour is a Death Eater’s Dark Mark when inactive?,Blue(False);Black(False);Red(True);Green(False);,What position did the Imperiused Pius Thicknesse hold once the Death Eaters had infiltrated the Ministry of Magic?,Head of the Magical Law Enforcement Squad(False);Head of the Department of Mysteries(False);Minister for Magic(True);Junior Minister in the Department of Magical Catastrophes(False);,Why don’t the Death Eaters attack Harry when they first confront him in the Department of Mysteries?,He’s holding the Prophecy(True);Voldemort told them not to(False);They know he’s cast a Shield Charm(False);Harry has already been disarmed(False);,Which of Voldemort’s Death Eaters impersonates the Auror&#44 Mad-Eye Moody in Harry’s fourth year?,Barty Crouch Jr(True);Evan Rosier(False);Antonin Dolohov(False);Alecto Carrow(False);,Who kills Bellatrix Lestrange during the Battle of Hogwarts?,Nymphadora Tonks(False);Remus Lupin(False);Molly Weasley(True);Harry Potter(False);,Why does Neville Longbottom react so badly to Bellatrix Lestrange?,She used the Imperius curse on his parents(False);She killed his parents(False);She used the Cruciatus curse on his parents(True);She had his parents sent to Azkaban(False);,Which Death Eater removes George’s ear with a Sectumsempra spell?,Goyle Senior(False);Severus Snape(True);Crabbe Senior(False);Amycus Carrow(False);,When Harry leaves Number 4 Privet Drive for the last time&#44 how do the Death Eaters know he is the real Harry Potter?,Stan Shunpike recognises him(False);His lightening scar(False);He uses Expelliamus(True);They have information he’ll be with Hagrid(False);,
The Molly Weasley Quiz,https://www.wizardingworld.com/quiz/the-molly-weasley-quiz,10,How many sons does Molly Weasley have?,3(False);7(False);6(True);5(False);,Whose music does Molly Weasley most enjoy?,Stubby Boardman(False);Merpeople(False);Celestina Warbeck(True);The Weird Sisters(False);,When Molly Weasley sends a letter to the Dursleys asking their permission to take Harry to the Quidditch World Cup&#44 why does the postman notice it?,She writes the Dursley’s address in enormous writing(False);She addresses it to ‘The Muggles living with Harry Potter’(False);She draws a map of the Burrow on the back(False);She covers the envelope in stamps(True);,Who does Molly Weasley kill in a one-on-one duel at the Battle of Hogwarts?,Antonin Dolohov(False);Corban Yaxley(False);Bellatrix Lestrange(True);Alecto Carrow(False);,What is Mr Weasley’s nickname for Mrs Weasley when they’re alone together?,Mollycuddles(False);Gingernewt(False);Redcap(False);Mollywobbles(True);,Who does Molly Weasley take advice from when it comes to de-gnoming the garden?,Newt Scamander(False);Neville Longbottom(False);Pomona Sprout(False);Gilderoy Lockhart(True);,What colour is the jumper Mrs Weasley knits for Harry in his first year at Hogwarts?,Emerald(True);Yellow(False);Maroon(False);Turquoise(False);,What does Mrs Weasley send Ron via Owl Post in his second year with embarrassing consequences?,A Howler(True);A Weasley jumper(False);Sleekeazy’s Hair Potion(False);A Babbitty Rabbitty toy(False);,Why does Molly Weasley send Hermione such a small Easter egg in Harry Potter and the Goblet of Fire?,She’s offended that Hermione didn’t wear her Weasley jumper to the Quidditch World Cup(False);She thinks Hermione helped Harry enter the Triwizard Tournament(False);She finds the ‘Get Well Soon’ card sent to Hermione by Gilderoy Lockhart and is jealous(False);She has read Rita Skeeter’s article about the Harry-Krum-Hermione love triangle in Witch Weekly(True);,When Mrs Weasley comes across a boggart in Number 12 Grimmauld Place&#44 which of her sons does it not turn into?,Charlie(True);Bill(False);Percy(False);George(False);,
The Professor Flitwick Quiz,https://www.wizardingworld.com/quiz/the-professor-flitwick-quiz,10,What spell did Professor Flitwick use on Trevor the toad?,Obliviate(False);Wingardium Leviosa(True);Muffliato(False);Engorgio(False);,What is Professor Flitwick’s blood status?,Half-blood(False);Pure-blood(False);Half-giant(False);Part-Goblin(True);,What Hogwarts house is Flitwick head of?,Ravenclaw(True);Slytherin(False);Gryffindor(False);Hufflepuff(False);,Which charm does Flitwick compliment Harry on during the Triwizard Tournament?,The Cheering Charm(False);The Banishing Charm(False);The Levitation Charm(False);The Summoning Charm(True);,Which Hogwarts Professor did Flitwick once teach charms to?,Severus Snape(True);Sybill Trelawney(False);Quirinus Quirrell(False);Gilderoy Lockhart(False);,Which protection of the Philosopher’s Stone was Professor Flitwick responsible for?,Chessboard(False);Devil’s Snare(False);Mirror of Erised(False);Winged keys(True);,What drink does Professor Flitwick order at the Three Broomsticks in Harry's third year?,Gillywater(False);Butterbeer(False);Cherry syrup and soda with ice and umbrella(True);Four glasses of mulled mead(False);,Who did Professor Flitwick pull a cracker with on Christmas day?,Hagrid(False);Professor Dumbledore(True);Professor McGonagall(False);Harry Potter(False);,What was Professor Flitwick’s reaction to finding out Ginny was in the Chamber of Secrets?,Burst into tears(True);Announced he would save her(False);Froze and was unable to move(False);Fainted(False);,To which year did Professor Flitwick teach Cheering Charms?,Fifth years(False);Third years(True);First years(False);Fourth years(False);,
The Professor McGonagall Quiz ,https://www.wizardingworld.com/quiz/the-professor-mcgonagall-quiz,15,Let’s start easy. What house is Professor McGonagall head of?,Slytherin(False);Hufflepuff(False);Gryffindor(True);Ravenclaw(False);,What breed of cat is McGonagall’s Animagus?,Silver Tabby(True);Scottish Fold(False);Calico(False);Siamese(False);,Which Quidditch team does McGonagall support?,The Ballycastle Bats(False);Holyhead Harpies(False);Montrose Magpies(True);The Appleby Arrows(False);,Which Hogwarts house did McGonagall almost get sorted into?,Hufflepuff(False);She didn’t – it was always Gryffindor(False);Slytherin(False);Ravenclaw(True);,Who did McGonagall fall in love with at the age of 18?,Henry Shaw(False);Fleamont Potter(False);Silvanus Kettleburn(False);Dougal McGregor(True);,Where was McGonagall’s first job after finishing school?,Mahoutokoro School of Magic(False);MACUSA(False);Hogwarts School of Witchcraft and Wizardry(False);The Ministry of Magic(True);,How does McGonagall’s eventual husband&#44 Elphinstone&#44 die?,Venomous Tentacula bite(True);Dragon Pox(False);Killed by Lord Voldemort(False);Curse that backfired(False);,What protection of the Philosopher’s Stone was placed by McGonagall?,Fluffy(False);Potions puzzle(False);Chessboard(True);Flying keys(False);,What spell does McGonagall use to get the statues to come to life in Deathly Hallows?,Homenum Revelio(False);Piertotum Locomotor(True);Priori Incantatem(False);Wingardium Leviosa(False);,What is McGonagall’s job title when Albus Potter comes to Hogwarts?,Head of Herbology(False);Headmistress(True);Deputy Headmistress(False);Potions Master(False);,Which broomstick did McGonagall give to Harry in his first year?,Firebolt(False);Nimbus 2001(False);Comet Two Ninety(False);Nimbus 2000(True);,What punishment did McGonagall give to Harry for flying the Ford Anglia to Hogwarts in Chamber of Secrets?,Helping Lockhart answer his fan mail(True);Polishing the trophy room(False);Looking for unicorn blood in the Forbidden Forest(False);Cutting the school grass(False);,What was McGonagall’s mother called?,Isobel(True);Aileen(False);Sophie(False);Elizabeth(False);,What was Minerva’s dad called?,David(False);Robert(True);Alastair(False);Dougal(False);,What did McGonagall say when she saw Peeves trying to loosen the crystal chandelier in Order of the Phoenix?,Carry on&#44 Mr Peeves(False);Shoo!(False);It unscrews the other way(True);You’ve got to put your back into it(False);,
The Hermione Granger Quiz,https://www.wizardingworld.com/quiz/the-hermione-granger-quiz,15,Which spell caused Hermione's front teeth to grow rapidly?,Densaugeo(True);Furnunculus(False);Episkey(False);Tarantallegra(False);,What was Hermione's Defence Against the Dark Arts O.W.L. result?,Exceeds Expectations(True);Outstanding(False);Troll(False);Acceptable(False);,Who did Hermione take to Slughorn's Christmas party?,Ron Weasley(False);Viktor Krum(False);Harry Potter(False);Cormac McLaggen(True);,What job do Hermione’s Muggle-born parents do?,Dentists(True);Lawyers(False);Doctors(False);Librarians(False);,What form does Hermione’s Patronus take?,Hare(False);Otter(True);Jack Russell Terrier(False);Wild Boar(False);,What is Hermione’s wand wood and core?,Vine and dragon heartstring(True);Olive and unicorn hair(False);Blackthorn and dragon heartstring(False);Chestnut and phoenix feather(False);,Hermione’s cat Crookshanks is half cat&#44 half ____,Kneazle(True);Niffler(False);Chimaera(False);Wampus(False);,Hermione received hate mail after Rita Skeeter writes about her in which publication?,The Quibbler(False);The Daily Prophet(False);Witch Weekly(True);Transfiguration Today(False);,The chapter “Hermione’s Secret” revealed which magical object?,A Portkey(False);Vanishing Cabinet(False);Sneakoscope(False);Time-Turner(True);,Which of these is one of Hermione’s signature spells?,Bluebell flames(True);Lavender flames(False);Violet flames(False);Periwinkle flames(False);,What is Hermione’s middle name?,Juliet(False);Louise(False);Jean(True);Rose(False);,Whose robes did Hermione mistakenly pluck a cat hair from?,Daphne Greengrass(False);Pansy Parkinson(False);Lavender Brown(False);Millicent Bulstrode(True);,What was Hermione’s surname initially going to be&#44 before J.K. Rowling decided on ‘Granger’?,Jones(False);Smith(False);Puckle(True);Rivers(False);,Where did Hermione make her parents relocate to?,Ireland(False);Canada(False);Australia(True);France(False);,Which Horcrux did Hermione destroy?,Marvolo Gaunt's ring(False);Helga Hufflepuff’s cup(True);Salazar Slytherin’s locket(False);Rowena Ravenclaw’s diadem(False);,
The Harry Potter and the Cursed Child Quiz ,https://www.wizardingworld.com/quiz/the-harry-potter-and-the-cursed-child-quiz,10,What is Hermione’s job?,Minister for Magic(True);Auror(False);Defence Against the Dark Arts Professor(False);Hogwarts Headmistress(False);,What Hogwarts house does Rose Granger-Weasley get sorted into?,Ravenclaw(False);Slytherin(False);Hufflepuff(False);Gryffindor(True);,How old is Harry at the start of Cursed Child?,39(False);36(False);37(True);38(False);,Which character says Slytherin is not a house of brave wizards?,Albus Severus Potter(True);Scorpius Malfoy(False);James Sirius Potter(False);Rose Granger Weasley(False);,Where does Amos Diggory live in Cursed Child?,St.Oswald's Home for Old Witches and Wizards(True);St Mungo's Hospital for Magical Maladies and Injuries(False);Spinner’s End(False);Godric’s Hollow(False);,How many children do Ron and Hermione have?,3(False);4(False);1(False);2(True);,In the alternate reality&#44 where Voldemort succeeds&#44 the day is dubbed as...,Dark Magic Day(False);Voldemort Day(True);Death Eater Day(False);Dark Mark Day(False);,What does Scorpius call the ‘king of the confectionery bag’?,Jelly Slugs(False);Chocolate Frogs(False);Pepper Imps(True);Fizzing Whizzbees(False);,What is the relationship between Albus Severus Potter and Hugo Weasley?,Friends(False);Enemies(False);Siblings(False);Cousins(True);,Where did Albus&#44 Scorpius and Delphi steal the Time-Turner from?,McGonagall's office(False);Gringotts(False);Malfoy Manor(False);The Ministry of Magic(True);,
The Wizarding World Summer Quiz ,https://www.wizardingworld.com/quiz/the-wizarding-world-summer-quiz,15,Why does Harry not receive his letters from over the summer in Chamber of Secrets?,His friends simply forgot(False);His window was barred so the owls couldn’t deliver them(False);Dobby was stopping the letters arriving(True);All owls had flown south for summer(False);,When does Harry use Floo powder for the first time?,To attend his Ministry of Magic hearing(False);To meet Dumbledore at Slughorn's hideout(False);To travel to The Burrow(False);To get to Diagon Alley in his second year(True);,Mrs Figg usually looks after Harry when the Dursleys go away - but what happened in Philosopher's Stone&#44 so she couldn't?,She loses her cat and goes searching for it(False);She breaks her leg(True);She goes missing(False);She gets cursed(False);,To what room number does Harry receive a letter while staying in the Railview Hotel?,15(False);12(False);17(True);21(False);,What message does Aunt Petunia receive (via Howler) after Uncle Vernon tries to kick Harry out?,Don't forget what I said(False);Stay in reason&#44 Petunia(False);Remember my last&#44 Petunia(True);You know he must stay(False);,Where do the Weasley family go on summer holiday after Mr Weasley wins the annual Daily Prophet Grand Prize Galleon Draw?,Cornwall(False);Egypt(True);Romania(False);Ireland(False);,Who wrote the article ‘ALBUS DUMBLEDORE REMEMBERED’?,Elphias Doge(True);Xenophilius Lovegood(False);Bathilda Bagshot(False);Rita Skeeter(False);,Summer is usually the time Hogwarts students go shopping. How many sets of plain work robes are first-years required to bring?,2(False);3(True);1(False);4(False);,How many birthday presents does Dudley receive&#44 causing him to throw a tantrum and Aunt Petunia to buy him two more?,35(False);36(False);39(False);37(True);,What is the name of Aunt Marge’s dog that she brings round to the Dursleys’?,Ripper(True);Brutu(False);Axel(False);Chomper(False);,Where is the old boot Portkey placed that takes Harry&#44 Hermione and the Weasleys to the Quidditch World Cup?,Claxby Hill(False);Stoatshead Hill(True);Little Whinging(False);Cotswolds(False);,Where does Hagrid travel to try and convince the giants to join the battle against Lord Voldemort?,South Africa(False);Scotland(False);South America(False);Eastern Europe(True);,Why does Harry hide in a flowerbed outside 4 Privet Drive?,To avoid Mrs Figg(False);So he didn’t have to do house chores(False);To listen to the news(True);To hide from Dudley’s gang(False);,Who is meant to be watching Harry but Disapparates on the night he and Dudley are attacked by Dementors?,Mad-Eye Moody(False);Kreacher(False);Mrs Figg(False);Mundungus Fletcher(True);,What did Hermione once spend a summer making?,Polyjuice Potion(False);A personalised wizard chess set for Ron(False);Homework planners(False);Knitted hats for house-elves(True);,
Fashion in the Wizarding World Quiz,https://www.wizardingworld.com/quiz/fashion-in-wizarding-world-quiz,15,What colour cloak was Dumbledore wearing when we first meet him in Philosopher’s Stone?,Green(False);Purple(True);Black(False);Blue(False);,What type of hat is Cornelius Fudge known for wearing?,Top hat(False);Fedora(False);Bowler(True);Snapback(False);,What type of bag does Rita Skeeter have in the Goblet of Fire?,Dragon skin(False);Crocodile skin(True);Hippogriff feathers(False);Snake skin(False);,What colour is Severus Snape best known for wearing?,Blue(False);Brown(False);Green(False);Black(True);,What is Hagrid’s overcoat made of?,Rabbit skin(False);Unicorn skin(False);Moleskin(True);Lion skin(False);,When Neville’s Boggart turns into Snape&#44 what does Neville make the Boggart hold&#44 inspired by his Grandmother’s clothing?,A crimson handbag(True);An auburn clutch bag(False);A black umbrella(False);A lime green purse(False);,What does Bill have dangling off his ear when Harry first meets him?,A fang(True);A skull(False);A lion(False);An eagle(False);,In Goblet of Fire&#44 which of these is not part of Mr Weasley’s Muggle outfit?,An old pair of jeans(False);A red hat(True);A golfing jumper(False);A thick leather belt(False);,What colour tartan are Professor McGonagall’s robes?,Blue(False);Red(True);Green(False);Pink(False);,What hair style did young Rita Skeeter have?,Short blonde hair(True);Long brown curls(False);A black bob(False);A ginger mullet(False);,What colour is Tonk’s t-shirt which bares the legend The Weird Sisters?,Dark blue(False);White(False);Navy blue(False);Bright purple(True);,In the Deathly Hallows film&#44 what is Neville wearing when he kills Nagini?,A leather jacket(False);A turtleneck(False);A black hoodie(False);A knitted sweater(True);,In the film&#44 what colour is Harry's jumper when he gets the Philosopher's Stone?,Yellow(False);Pink(False);Red(True);Blue(False);,In the film Half-Blood Prince&#44 what type of earrings does Luna wear to Slughorn’s Christmas party?,Radish earrings(False);Lion earrings(False);Star earrings(True);Diamond earrings(False);,What material is the Beauxbatons uniform made from?,Denim(False);Satin(False);Velvet(False);Fine silk(True);,
The Neville Longbottom Quiz,https://www.wizardingworld.com/quiz/the-neville-longbottom-quiz,15,What is Neville’s grandmother’s name?,Rolanda(False);Emmeline(False);Augusta(True);Cedrella(False);,What is Neville’s Patronus?,Non-Corporeal (no form)(True);Dove(False);Owl(False);Grey Stallion(False);,What does Neville use to kill Nagini?,A knife(False);Basilisk fang(False);The Sword of Gryffindor(True);His wand(False);,How many points does Neville win for Gryffindor for standing up to Harry&#44 Ron and Hermione in Philosophers Stone?,10(True);5(False);15(False);20(False);,Who does Neville marry?,Susan Bones(False);Hannah Abbott(True);Luna Lovegood(False);Megan Jones(False);,Who is Neville Godfather to?,Albus Potter(True);James Potter(False);Lily Luna Potter(False);Rose Granger Weasley(False);,After thinking Neville might be a Squib&#44 what did his uncle do to ‘test’ if he had magical abilities?,He was forced to try and make something disappear(False);He was dropped out of a window and bounced(True);He was dropped off a pier and floated straight to shore(False);He was asked to eat something poisonous(False);,What food did Neville use to try and protect himself from being attacked in Chamber of Secrets?,Salmon(False);Onion(True);Garlic(False);Brie(False);,Who did Neville invite to the Yule Ball before asking Ginny?,Hermione Granger(True);Fleur Delacour(False);Katie Bell(False);Luna Lovegood(False);,When does Harry say his name is Neville Longbottom to avoid drawing attention to himself?,When he first meets Sirius Black(False);When he first gets on the Knight Bus(True);When he meets a waitress in Treats Café(False);When he&#44 Ron and Hermione are captured by snatchers(False);,How long is Neville’s second wand?,13 1/2 inches(False);12 inches(False);13 inches(True);10 inches(False);,What cactus-like plant does Neville receive for his birthday from his Great Uncle Algie?,Bubotuber(False);Gillyweed(False);Alihosty(False);Mimbulus Mimbletonia(True);,Who is Neville’s Boggart?,Draco Malfoy(False);Lord Voldemort(False);Severus Snape(True);Bellatrix Lestrange(False);,What was Neville’s parents’ profession?,Professors at Hogwarts(False);Aurors(True);Dentists(False);Writers(False);,Who gave Neville his pet toad Trevor?,Alice Longbottom (his mum)(False);Algie Longbottom (his great uncle)(True);Augusta Longbottom (his grandmother)(False);Frank Longbottom (his dad)(False);,
The Charms&#44 Hexes and Curses Quiz,https://www.wizardingworld.com/quiz/the-charms-hexes-and-curses-quiz,15,What spell is used to open locked doors?,Alohomora(True);Revelio(False);Reparo(False);Incendio(False);,What is the counter charm to Engorgio?,Imperio(False);Reducto(False);Reducio(True);Obliviate(False);,In Philosopher’s Stone&#44 Hermione uses the spell Petrificus Totalus on Neville. But what did this spell do to him?,Scared him so he wouldn’t stop screaming(False);Temporarily paralysed him(True);Prevented him from speaking(False);Hung him upside down by his ankle(False);,What charm did Professor McGonagall use to bring the statues and suits of armour to life in Deathly Hallows?,Priori Incantato(False);Piertotum Locomotor(True);Petrificus Totalus(False);Homenum Revelio(False);,When did Harry use the Refilling Charm?,To refill his Felix Felicis bottle(False);To refill Slughorn and Hagrid’s glasses(True);To fill up the prefect’s bathtub(False);To refill his cauldron after he spills a potion(False);,What spell is used to conjure the Dark Mark?,Sectumsepra(False);Morsmordre(True);Impedimenta(False);Imperio(False);,What type of spell is Expecto Patronum?,Curse(False);Charm(True);Jinx(False);Hex(False);,What is the counter-jinx for Levicorpus?,Rennervate(False);Liberacorpus(True);Legilimens(False);Viberacorpus(False);,What does the spell Serpensortia do?,Conjures a snake from the end of the wand(True);Temporarily paralyses the victim(False);Allows the conjuror to talk to snakes(False);Slices and maims the target&#44 as if they are being cut by an invisible sword(False);,What is the spell Anapneo used for?,Clearing someone’s airways if choking(True);Make invisible ink appear(False);Turning the wand into a compass(False);Protection against hexes(False);,Who tried to use the ‘spell’ Peskipiksi Pesternomi?,Severus Snape(False);Remus Lupin(False);Bellatrix Lestrange(False);Gilderoy Lockhart(True);,What charm does Hermione use to move a Christmas tree in Prisoner of Azkaban?,Locomotor(False);Wingardium Leviosa(False);Levicorpus(False);Mobiliarbus(True);,Select all that apply: ,Levicorpus(True);Muffliato(True);Langlock(True);Sectumsempra(True);Obscuro(True);,Select all that apply: ,Levicorpus(True);Muffliato(True);Langlock(True);Sectumsempra(True);Obscuro(False);,What spell can be used to turn stairs into a slide?,Fidelius(False);Waddiwasi(False);Oppugno(False);Glisseo(True);,
A Really Rather Long Harry Potter Quiz,https://www.wizardingworld.com/quiz/a-really-rather-long-wizarding-world-quiz,50,Remus(False);Albus(False);George(False);James(True);,Which other Hogwarts student born at the end of July was also considered to be the subject of the prophecy by Voldemort?,Draco Malfoy(False);Neville Longbottom(True);Dean Thomas(False);Seamus Finnigan(False);,Finish the quote: ‘Now&#44 if you two don't mind&#44 I'm going to bed&#44 before either of you come up with another clever idea to get us killed — or worse...,Attacked(False);Sent to Azkaban(False);Cursed(False);Expelled(True);,What Hogwarts house was Newt Scamander in?,Gryffindor(False);Hufflepuff(True);Slytherin(False);Ravenclaw(False);,What’s the name of the Hippogriff that Harry rides in Prisoner of Azkaban?,Horntail(False);Buckbeak(True);Fleetwing(False);Beaktail(False);,What are Muggles also referred to as in Fantastic Beasts? (Select all that apply),Squibs(False);Can’t-Spells(True);No-Majs(True);Non-Magiques(True);Unpowerfuls(False);Non-Magicals(False);,In which film do Hermione and Ron share their first kiss?,Order of the Phoenix(False);Deathly Hallows (Part 1)(False);Deathly Hallows (Part 2)(True);Half-Blood Prince(False);,Which family did Winky the house-elf serve?,Potters(False);Crouches(True);Diggorys(False);Malfoys(False);,When Harry was taken to platform nine and three-quarters in Philosopher’s Stone&#44 the Dursleys were travelling to London anyway. But why?,To take Dudley to the hospital(True);For a family trip to the zoo(False);To take Dudley to a videogame convention(False);To collect their new puppy(False);,What floor of Hogwarts is the Room of Requirement on?,5(False);7(True);2(False);3(False);,What is Newt Scamander’s full name?,Newton Artemis Fido Scamander(True);Newton Scamander(False);Newt Ludo Phineas Scamander(False);Newt Arthur Frederick Scamander(False);,What Hogwarts house is Albus Severus Potter in?,Hufflepuff(False);Gryffindor(False);Slytherin(True);Ravenclaw(False);,What year did Dumbledore defeat Grindelwald in their famous duel?,1946(False);1945(True);1947(False);1944(False);,Hermione accidentally turned herself into a cat in Chamber of Secrets – but who did she intend to transform into?,Tracey Davis(False);Daphne Greengrass(False);Pansy Parkinson(False);Millicent Bulstrode(True);,In which of these films does Dolores Umbridge feature? (Select all that apply),Harry Potter and the Prisoner of Azkaban(False);Harry Potter and the Philosopher's Stone(False);Harry Potter and the Goblet of Fire(False);Harry Potter and the Order of the Phoenix(True);Harry Potter and the Deathly Hallows Part 1(True);,What sort of wand does Hermione have?,Phoenix feather core&#44 twelve inches&#44 ash wood(False);Phoenix feather core&#44 eight inches&#44 willow(False);Dragon heartstring core&#44 ten and three-quarter inches&#44 vine wood(True);Unicorn hair core&#44 ten inches&#44 hawthorn(False);,Who was NOT a member of Dumbledore’s Army? (Select all that apply),Parvati Patil(False);Zacharias Smith(False);Lavender Brown(False);Cormac McLaggen(True);Gregory Goyle(True);,What animal makes Hagrid sneeze?,Cat(True);Rat(False);Dog(False);Rabbit(False);,What house is Professor Quirrell in?,Hufflepuff(False);Slytherin(False);Ravenclaw(True);Gryffindor(False);,What is the name of the graveyard where the Riddle family are buried?,Tinworth Cemetery(False);Godric’s Hollow Graveyard(False);Little Whinging Graveyard(False);Little Hangleton Graveyard(True);,In the Triwizard Tournament’s third task&#44 which magical creature asked Harry a riddle?,Sphinx(True);Pixie(False);Centaur(False);Giant(False);,What is the maximum number of first years Hagrid would allow in a single boat in the book Philosopher’s stone?,6(False);4(True);8(False);3(False);,Which of these is NOT on the book list for second years?,Year with the Yeti by Gilderoy Lockhart(False);Travels with Trolls by Gilderoy Lockhart(False);Holidays with Hags by Gilderoy Lockhart(False);Capers with Kelpies by Gilderoy Lockhart(True);,What Christmas present did Hermione give Harry in Philosopher’s stone?,A new copy of Hogwarts: A History(False);His own wizard chess set(False);A homework planner(False);Chocolate Frogs(True);,What is Madam Pomfrey’s first name?,Poppy(True);Penny(False);Penelope(False);Phoebe(False);,Who does Hermione say she is when the trio are caught by Snatchers in Deathly Hallows?,Penelope Clearwater(True);Millicent Bulstrode(False);Katie Bell(False);Pansy Parkinson(False);,Who succeeded Oliver Wood as Gryffindor Quidditch captain?,Angelina Johnson(True);Katie Bell(False);Harry Potter(False);Ron Weasley(False);,Who takes the Polyjuice Potion in the Deathly Hallows Part 1 film to become Harry? (Select all that apply),George(True);Hagrid(False);Fleur(True);Bill(False);Fred(True);,Which peaceful creature can turn invisible?,Kelpie(False);Demiguise(True);Occamy(False);Niffler(False);,What is Grindelwald’s first name?,Gellert(True);Gerald(False);George(False);Godric(False);,When is Lord Voldemort’s birthday?,31st October 1926(False);31st June 1926(False);31st May 1926(False);31st December 1926(True);,What does S.P.E.W stand for?,Society for the Protection of Elfish Ways(False);Society for the Promotion of Elfish Welfare(True);Society for the Protection of Elves and Wizards(False);Society for the Power of Elfish Well-Being(False);,True or False? Harry Potter went on to be Head of the Misuse of Muggle Artefacts Office at the Ministry of Magic.,False(True);True(False);,Which book did Harry take out of school&#44 resulting in him losing 5 points from Gryffindor?,Men Who Love Dragons Too Much(False);Quidditch Through the Ages(True);Flying with the Cannons(False);The Tales of Beedle the Bard(False);,When Sirius is rescued by Harry and Hermione in Prisoner of Azkaban - where is he?,Flitwick’s Office(True);Dumbledore’s Office(False);Astronomy Tower(False);McGonagall’s Office(False);,Finish the lyric: ‘Weasley cannot save a thing’ –,He cannot block a single ring(True);He cannot fly&#44 he never wins(False);He always lets the Quaffle in(False);He flies like he is on a string(False);,What does the spell Tarantallegra do?,Makes the victim’s legs dance uncontrollably(True);Causes the victim to be covered in pasta(False);Makes the victim break into a song(False);Shoots spiders from the end of the wand(False);,In which sea is Azkaban located?,Arabian Sea(False);Black Sea(False);Yellow Sea(False);North Sea(True);,In Fantastic Beasts and Where to Find Them&#44 Tina Goldstein tells Newt she works for MACUSA. But what does this stand for?,The Ministry Capital of the United States of America(False);The Magical Congress of the United States of America(True);The Management Congress of the United States of America(False);The Magical Capital of the United States of America(False);,What is Gamp’s Old Gregarious?,A disgusting tasting beer(True);A potion to make you popular(False);A wild plant that strips a wizard’s ability to do magic(False);A pub in East London(False);,Who does Hermione turn into using Polyjuice Potion when she breaks into the Ministry of Magic in Deathly Hallows?,Eugenia Jenkins(False);Mafalda Hopkirk(True);Millicent Bagnold(False);Dolores Umbridge(False);,What was the intention of Rappaport’s Law?,To create absolute segregation between the No-Maj and wizarding communities(True);To join together the wizarding community and No-Maj community(False);To prevent the No-Maj president from contacting the head of MACUSA(False);To allow legal marriage between the wizarding community and No-Maj community(False);,Who invented Floo powder?,Salazar Slytherin(False);Elizabeth McGilliguddy(False);Ignatia Wildsmith(True);Ignotus Peverell(False);,Which country is the wizarding school Castelobruxo situated in?,Brazil(True);Australia(False);Canada(False);South Africa(False);,Which witch passed the Invisibility Cloak down Harry’s family?,Perenelle Flamel(False);Bathilda Bagshot(False);Iolanthe Peverell(True);Cassandra Vablatsky(False);,Which precious stones are inset in the sword of Gryffindor?,Diamonds(False);Rubies(True);Sapphires(False);Emeralds(False);,,Page 10(True);Page 364(False);Page 140(False);Page 258(False);,Where did Vernon and Petunia Dursley meet?,In History class at school(False);In a museum(False);In an office job(True);In a zoo(False);,In a famous Floo Powder mishap&#44 what year did the witch Violet Tillyman disappear?,1855(True);1907(False);1934(False);1823(False);,Last one! What time does the Hogwarts Express depart?,11am(True);11pm(False);11:45am(False);11:30am(False);,
